Id,SalePrice,Saleprice
1461,169277.0524984,134645.37898021235
1462,187758.393988768,164059.56060298881
1463,183583.683569555,238772.84735668934
1464,179317.47751083,232951.42190049688
1465,150730.079976501,200018.99560949195
1466,177150.989247307,232984.669917121
1467,172070.659229164,194693.2873374879
1468,175110.956519547,230569.65489142123
1469,162011.698831665,167698.68766805858
1470,160726.247831419,129776.05581825697
1471,157933.279456005,201308.1118904193
1472,145291.245020389,154858.90815720416
1473,159672.017631819,145037.16127352498
1474,164167.518301885,221317.63862900942
1475,150891.638244053,120527.06210281099
1476,179460.96518734,237303.889531295
1477,185034.62891405,202103.0612242251
1478,182352.192644656,200043.19546701058
1479,183053.458213802,203975.52906955802
1480,187823.339254278,239483.14589365985
1481,186544.114327568,238500.81812976446
1482,158230.77520516,203233.4743076543
1483,190552.829321091,210582.81673686684
1484,147183.67487199,197295.6807932773
1485,185855.300905493,237971.87241074385
1486,174350.470676986,230834.12775093154
1487,201740.620690863,234396.21883195656
1488,162986.378895754,206036.8866184635
1489,162330.199085679,206381.45697256835
1490,165845.938616539,208232.76698914045
1491,180929.622876974,235886.31500431977
1492,163481.501519718,131891.83869433939
1493,187798.076714233,205922.04931555386
1494,198822.198942566,227912.85559024685
1495,194868.409899858,224876.7071630686
1496,152605.298564403,199762.07911739624
1497,147797.702836811,233005.80826408986
1498,150521.96899297,232552.4262192151
1499,146991.630153739,231538.36171217845
1500,150306.307814534,231538.36171217845
1501,151164.372534604,232197.2769507298
1502,151133.706960953,231325.27215108727
1503,156214.042540726,181566.11366550392
1504,171992.760735142,229023.62211839817
1505,173214.912549738,194723.5128071462
1506,192429.187345783,188613.45359750878
1507,190878.69508543,224358.34035842842
1508,194542.544135519,286474.89680724184
1509,191849.439072822,182423.3105186834
1510,176363.773907793,157006.4472582198
1511,176954.185412429,122221.2191589518
1512,176521.216975696,197262.45225844512
1513,179436.704810176,198652.82386272785
1514,220079.756777048,173207.5706762469
1515,175502.918109444,197328.9482916934
1516,188321.073833569,208869.03260724008
1517,163276.324450004,134279.65079734667
1518,185911.366293097,185305.2759434056
1519,171392.830997252,195021.23368328068
1520,174418.207020775,119425.36321555718
1521,179682.709603774,123468.01978235751
1522,179423.751581665,157659.31740283952
1523,171756.918091777,119927.1060118853
1524,166849.638174419,133629.8031996928
1525,181122.168676666,123724.93627445324
1526,170934.462746566,137615.0313741423
1527,159738.292580329,129017.39652983313
1528,174445.759557658,119446.52104431801
1529,174706.363659627,154036.79486428984
1530,164507.672539365,131831.38775502273
1531,163602.512172832,114513.72439608016
1532,154126.270249525,123859.4201326408
1533,171104.853481351,116032.55424641074
1534,167735.39270528,117687.39871020378
1535,183003.613338104,125169.71372412094
1536,172580.381161499,119710.99390382832
1537,165407.889104689,131674.21531279947
1538,176363.773907793,197141.55037981184
1539,175182.950898522,271608.4995557971
1540,190757.177789246,186481.04671311428
1541,167186.995771991,168279.01668549833
1542,167839.376779276,151308.94622762644
1543,173912.421165137,154275.57607459056
1544,154034.917445551,124637.72597634254
1545,156002.955794336,126148.99945925854
1546,168173.94329857,151565.86271972215
1547,168882.437104132,152109.92117357193
1548,168173.94329857,151565.86271972215
1549,157580.177551642,126511.70509515838
1550,181922.15256011,182241.92459353487
1551,155134.227842592,126330.35227720847
1552,188885.573319552,144908.7225092691
1553,183963.193012381,161993.64975184263
1554,161298.762306335,111896.19872366963
1555,188613.66763056,205699.8921135652
1556,175080.111822945,158566.08149258912
1557,174744.400305232,122221.2191589518
1558,168175.911336919,116328.76384906229
1559,182333.472575006,142422.67762987228
1560,158307.206742274,201595.25385217334
1561,193053.055502348,189092.52729159314
1562,175031.089987177,119047.54484482818
1563,160713.294602908,128917.65247996067
1564,173186.215014436,118479.30601525176
1565,191736.7598055,149643.54233124497
1566,170401.630997116,192460.88420384543
1567,164626.577880222,131074.23974008183
1568,205469.409444832,233865.761839453
1569,209561.784211885,200921.26484237675
1570,182271.503072356,124607.51998847618
1571,178081.549427793,121390.018743348
1572,178425.956138831,121654.4916028583
1573,162015.318511503,153327.7222942281
1574,181722.420373045,199559.58795247745
1575,156705.730169433,180246.77191491824
1576,182902.420342386,236552.78661028572
1577,157574.595395085,203578.04466175914
1578,184380.739100813,204146.30297312755
1579,169364.469225677,133864.05058954476
1580,175846.179822063,231982.6955979477
1581,189673.295302136,165530.0297018661
1582,174401.317715566,118563.93733029507
1583,179021.448718583,233572.55530197534
1584,189196.845337149,222218.37710661936
1585,139647.095720655,133605.60334217414
1586,161468.198288911,130345.80592131629
1587,171557.32317862,120622.29181402667
1588,179447.36804185,122438.84254049172
1589,169611.619017694,134902.29547230806
1590,172088.872655744,116788.19098786876
1591,171190.624128768,116946.87470357493
1592,154850.508361878,199789.28204008873
1593,158617.655719941,129005.3063419698
1594,209258.33693701,239422.9666355107
1595,177939.027626751,122129.03147649392
1596,194631.100299584,148472.30538198506
1597,213618.871562568,221804.30765409232
1598,198342.504228533,247560.90265984595
1599,138607.971472497,132807.65094319452
1600,150778.958976731,198359.61732525018
1601,146966.230339786,139226.02942513878
1602,162182.59620952,130894.3981956148
1603,176825.940961269,120425.8262612476
1604,152799.812402444,198214.53507089024
1605,180322.322067129,234571.50707418285
1606,177508.027228367,197171.77584947014
1607,208029.642652019,257647.39408420288
1608,181987.282510201,200611.434296587
1609,160172.72797397,207270.08578052296
1610,176761.317654248,232685.43776750367
1611,176515.497545231,140203.84285037743
1612,176270.453065471,197918.34495003067
1613,183050.846258475,200579.69755344576
1614,150011.102062216,120699.3472798634
1615,159270.537808667,144728.8614830101
1616,163419.663729346,145369.6414397665
1617,163399.983345859,145354.52870493734
1618,173364.161505756,117767.49620479833
1619,169556.835902417,136557.1399361011
1620,183690.595995738,405673.0306983475
1621,176980.914909382,158328.8115557713
1622,204773.36222471,178924.6987803262
1623,174728.655998442,232821.4523809661
1624,181873.458244461,237459.55070003532
1625,177322.000823979,136740.00402753393
1626,193927.939041863,188226.56758588227
1627,181715.622732304,233255.187870563
1628,199270.841200324,225871.12511482736
1629,177109.589956218,230566.6323444554
1630,153909.578271486,213303.0700425317
1631,162931.203336223,203608.27013141746
1632,166386.7567182,204564.9062461033
1633,173719.30379824,231357.0283760205
1634,179757.925656704,229206.486209831
1635,179007.601964376,231175.67555807056
1636,180370.808623106,193590.05769495922
1637,185102.616730563,235856.08953466144
1638,198825.563452058,228074.56185291888
1639,184294.576009142,199148.5215651243
1640,200443.7920562,226771.8441106453
1641,181294.784484153,199390.32532239085
1642,174354.336267919,228450.849468373
1643,172023.677781517,229206.486209831
1644,181666.922855025,230672.4214882595
1645,179024.491269586,196798.4912991899
1646,178324.191575907,197957.63806058647
1647,184534.676687694,199332.89693004003
1648,159397.250378784,164153.24007713763
1649,178430.966728182,155359.15916184135
1650,177743.799385967,117895.95445084618
1651,179395.305519087,120861.0730243274
1652,151713.38474815,154858.90815720416
1653,151713.38474815,154858.90815720416
1654,168434.977996215,221359.95428653108
1655,153999.100311019,195900.77536854582
1656,164096.097354123,221421.91649933063
1657,166335.403036551,221444.58560157436
1658,163020.725375757,221444.58560157436
1659,155862.510668829,120261.07796981776
1660,182760.651095509,123445.35068011377
1661,201912.270622883,304970.1275159501
1662,185988.233987516,236536.16260197366
1663,183778.44888032,201297.55245783087
1664,170935.85921771,248387.54977320903
1665,184468.908382254,200130.8493290197
1666,191569.089663229,208128.50860061124
1667,232991.025583822,233445.64729299437
1668,180980.721388278,198300.69714120842
1669,164279.13048219,208885.63713376017
1670,183859.460411109,203056.6747919451
1671,185922.465682076,202095.5048568105
1672,191742.778119363,205716.51612187727
1673,199954.072465842,303466.4104004487
1674,180690.274752587,197229.20424182096
1675,163099.3096358,202888.90395354945
1676,140791.922472443,210017.5614906723
1677,166481.86647592,208031.76761591263
1678,172080.434496773,250114.93536418202
1679,191719.161659178,240936.99098422506
1680,160741.098612515,203623.38286624663
1681,157829.546854733,202236.03380892973
1682,196896.748596341,207977.3812523196
1683,159675.423990355,197714.30354804502
1684,182084.790901946,234387.1317092671
1685,179233.926374487,231349.4720086059
1686,155774.270901623,197263.94405013605
1687,181354.326716058,232129.28912579056
1688,179605.563663918,229937.94257556234
1689,181609.34866147,233173.57910248553
1690,178221.531623281,231420.50186230295
1691,175559.920735795,230225.0845373164
1692,200328.822792041,227532.01467255203
1693,178630.060559899,232582.67117066536
1694,177174.535221728,230616.50436939165
1695,172515.687368714,229584.30458056
1696,204032.992922943,232073.39148871464
1697,176023.232787689,229732.40938188578
1698,202202.073341595,227273.5869069734
1699,181734.480075862,198879.51488516523
1700,183982.158993126,231601.85468025287
1701,188007.94241481,235541.7446502149
1702,185922.966763517,199550.52031157995
1703,183978.544874918,233295.99225460173
1704,177199.618638821,197942.52532575733
1705,181878.647956764,196444.85330418756
1706,173622.088728263,209272.52314538666
1707,180728.168562655,194712.9338927658
1708,176477.026606328,195690.72783621246
1709,184282.266697609,201684.43846945735
1710,162062.47538448,203789.6229493674
1711,182550.070992189,233895.96782731937
1712,180987.949624695,194912.42199251073
1713,178173.79762147,198690.60569980074
1714,179980.635948606,195835.8100905724
1715,173257.637826205,230154.05468361935
1716,177271.291059307,157014.00362563436
1717,175338.355442312,153832.77294409618
1718,177548.140549508,153832.77294409618
1719,175969.91662932,233933.74966439226
1720,175011.481953462,197959.1493340694
1721,185199.372568143,162253.58879090418
1722,188514.050228937,162253.58879090418
1723,185080.145268797,201448.67980612247
1724,157304.402574096,203529.68391030584
1725,194260.859481297,225417.74306995253
1726,181262.329995106,229513.27472686296
1727,157003.292706732,203298.4590674197
1728,182924.499359899,231638.12524384286
1729,181902.586375439,233398.75885144
1730,188985.371708134,185279.58429419604
1731,185290.904495068,121994.5281365144
1732,177304.425752748,120103.92500938647
1733,166274.900490809,130802.21051315693
1734,177807.420530107,196712.34871066367
1735,180330.624816201,119033.94338348194
1736,179069.112234629,118065.21708093278
1737,175943.371816948,216145.79494568869
1738,185199.050609653,235930.14193532433
1739,167350.910824524,222224.40271875903
1740,149315.311876449,233481.85941120842
1741,139010.847766793,168514.75586704127
1742,155412.151845447,232224.4798734223
1743,171308.313985441,223566.41357158846
1744,176220.543265638,214661.72438546518
1745,177643.434991809,175619.2719920214
1746,187222.653264601,222558.41364027545
1747,185635.132083154,237113.46907244757
1748,206492.534215854,213945.68554292907
1749,181681.021081956,197141.55037981184
1750,180500.198072685,120861.0730243274
1751,206486.17086841,188731.36603637482
1752,161334.301195429,127856.73849495364
1753,176156.558313965,157006.4472582198
1754,191642.223478994,222558.41364027545
1755,191945.808027777,207569.3374119323
1756,164146.306037354,128319.18818072593
1757,179883.057071096,119538.70872677589
1758,178071.137668844,121541.1460916396
1759,188241.637896875,203027.9605957697
1760,174559.656173171,156628.62888749078
1761,182347.363042264,158366.5933928442
1762,191507.251872857,221606.31134603836
1763,199751.865597358,114779.72801086535
1764,162106.416145131,131843.47794288606
1765,164575.982314367,132042.966042631
1766,179176.352180931,198612.01947868912
1767,177327.403857584,214663.23565894808
1768,177818.083761781,120498.36738842755
1769,186965.204048443,161064.21655984927
1770,178762.742169197,196597.49192596207
1771,183322.866146283,120483.2546535984
1772,178903.295931891,120483.2546535984
1773,186570.129421778,122976.8559004098
1774,199144.242829024,187141.47322514857
1775,172154.713310956,119543.24254722464
1776,177444.019201603,136833.70298347474
1777,166200.938073485,129896.95769689025
1778,158995.770555632,128606.33014247997
1779,168273.282454755,166726.9388185436
1780,189680.453052788,159755.45372364402
1781,181681.021081956,121767.837114077
1782,160277.142643643,125348.02451331305
1783,197318.54715833,189133.33167563187
1784,162228.935604196,129392.1923535963
1785,187340.455456083,122719.9394083141
1786,181065.347037275,198365.6819009738
1787,190233.609102705,183692.74713713423
1788,157929.594852031,125242.23536950894
1789,168557.001935469,133403.1121772554
1790,160805.584645628,178463.46920507736
1791,221648.391978216,238260.83043434692
1792,180539.88079815,157827.06875944318
1793,182105.616283853,124639.25673161742
1794,166380.852603154,129186.65915991971
1795,178942.155617426,123058.46466848727
1796,162804.747800461,130682.81990800657
1797,183077.684392615,119446.52104431801
1798,171728.4720292,118367.47177751598
1799,164786.741540638,127962.52763875775
1800,177427.267170302,119349.79954141138
1801,197318.54715833,189133.33167563187
1802,178658.114178223,119446.52104431801
1803,185437.320523764,144116.81520422111
1804,169759.652489529,130084.35560877183
1805,173986.635055186,119253.07803850475
1806,168607.664289468,113425.60748838063
1807,194138.519145183,188388.27384855426
1808,192502.440921994,166164.76456469082
1809,176746.969818601,197594.93242468665
1810,177604.891703134,152179.43975378605
1811,193283.746584832,184338.06091433938
1812,181627.061006609,122574.85715395416
1813,169071.62025834,151565.86271972215
1814,167398.006470987,128270.82742927261
1815,150106.505141704,135857.40083171902
1816,159650.304285848,129957.40863620689
1817,179471.23597476,197141.55037981184
1818,177109.589956218,195328.0222003126
1819,166558.113328453,112700.19621658094
1820,153796.714319583,122068.56105538532
1821,174520.152570658,115420.48848582976
1822,196297.95829524,112127.44304834775
1823,169100.681601175,131275.23911330965
1824,176911.319164431,117256.68576757272
1825,169234.6454828,190129.24141908155
1826,172386.297919134,116327.25257557936
1827,156031.904802362,126330.35227720847
1828,168202.892306596,191882.31865926413
1829,166505.984017547,130131.20508674222
1830,176507.37022149,194865.5725145403
1831,180116.752553161,197637.24808220827
1832,183072.740591406,177345.39850888698
1833,189595.964677698,183203.09452866943
1834,167523.919076265,115987.21604192327
1835,210817.775863413,197250.6668589479
1836,172942.930813351,115057.78284992992
1837,145286.278144089,134701.27661728827
1838,176468.653371492,158094.56416591932
1839,159040.069562187,123549.60906864301
1840,178518.204332507,274328.79182504583
1841,169163.980786825,208394.47325181248
1842,189786.685274579,187591.83272305754
1843,181246.728523853,160066.77606112472
1844,176349.927153587,119370.95737017221
1845,205266.631009142,196085.1896970455
1846,187397.993362224,130400.23124849325
1847,208943.427726113,156228.16089631003
1848,165014.532907657,130682.81990800657
1849,182492.037566236,140710.1194671543
1850,161718.71259042,131545.7570667516
1851,180084.118941162,156628.62888749078
1852,178534.950802179,118503.48639097842
1853,151217.259961305,198855.3150276466
1854,156342.717587562,178430.2211884532
1855,188511.443835239,181419.53961945305
1856,183570.337896789,233830.98306755399
1857,225810.160292177,137335.4847433868
1858,214217.401131694,163774.20159588516
1859,187665.64101603,183417.69536324352
1860,161157.177744039,122824.23090404195
1861,187643.992594193,183401.07135493145
1862,228156.372839158,392308.8782525051
1863,220449.534665317,386390.731293406
1864,220522.352084222,386446.6484122739
1865,156647.763531624,178664.46857830518
1866,187388.833374873,198979.2589350377
1867,178640.723791573,196503.79297002128
1868,180847.216739049,199895.0906656848
1869,159505.170529478,202674.30311897537
1870,164305.538020654,208057.4592651222
1871,180181.19673723,200232.10465237507
1872,184602.734989972,235472.2260700008
1873,193440.372174434,243107.17970569246
1874,184199.788209911,122005.10705089482
1875,196241.892907637,204929.14263727804
1876,175588.618271096,231095.57806347602
1877,179503.046546829,198862.89087685317
1878,183658.076582555,199508.2046540583
1879,193700.976276404,131846.51997164387
1880,165399.62450704,127584.70926802875
1881,186847.944787446,200260.8188485505
1882,198127.73287817,226690.23534256782
1883,183320.898107934,231094.06678999308
1884,181613.606696657,234873.76177076605
1885,178298.791761954,216257.62918342446
1886,185733.534000593,201950.4226024506
1887,180008.188485489,195856.96791933323
1888,175127.59621604,198048.31446956145
1889,183467.176862723,234600.22127035825
1890,182705.546021743,123403.03502259213
1891,152324.943593181,122635.28861147881
1892,169878.515981342,116946.87470357493
1893,183735.975076576,125042.76675155599
1894,224118.280105941,169680.25836712093
1895,169355.202465146,134864.51363523517
1896,180054.276407441,119670.18951978958
1897,174081.601977368,152019.24476459695
1898,168494.985022146,151123.05958922778
1899,181871.598843299,120217.27052060518
1900,173554.489658383,118072.77344834736
1901,169805.382165577,172994.1899521963
1902,176192.990728755,139266.8532909695
1903,204264.39284654,210537.76383895348
1904,169630.906956928,130833.94725629817
1905,185724.838807268,202792.2019324348
1906,195699.036281861,206209.1912773079
1907,189494.276162169,168945.50777325628
1908,149607.905673439,119700.39550765592
1909,154650.199045978,154568.7436484843
1910,151579.558140433,154756.14156036588
1911,185147.380531144,238435.83336999908
1912,196314.53120359,209227.20442269117
1913,210802.395364155,176077.45953851243
1914,166271.2863726,132496.3480875058
1915,154865.359142973,198262.89582234353
1916,173575.5052865,159818.64190335234
1917,179399.563554274,233173.57910248553
1918,164280.776562049,131816.27502019357
1919,171247.48948121,166465.48850599912
1920,166878.587182445,209184.86928337754
1921,188129.459710994,202941.81800724348
1922,183517.34369691,204490.87332723237
1923,175522.026925727,232741.35488637156
1924,190060.105331152,239662.98743812687
1925,174179.824771856,231710.66637102282
1926,171059.523675194,211546.98973717526
1927,183004.186769318,126177.73313722592
1928,183601.647387418,202858.6979656831
1929,163539.327185998,128701.54037190368
1930,164677.676391525,128727.23202111325
1931,162395.073865424,128671.31490224536
1932,182207.6323195,158259.29297555715
1933,192223.939790304,148479.86174939963
1934,176391.829390125,231023.03693629603
1935,181913.179121348,230172.18996541435
1936,179136.097888261,232281.9277475651
1937,196595.568243212,240598.46572405187
1938,194822.365690957,203998.19817180178
1939,148356.669440918,171608.33268657033
1940,160387.604263899,200117.2283858815
1941,181276.500571809,234774.01772089358
1942,192474.817899346,239131.01917214046
1943,157699.907796437,201447.14905084757
1944,215785.540813051,294069.3313654689
1945,181824.300998793,215730.19473788678
1946,221813.00948166,154441.56981472112
1947,165281.292597397,204723.58996180948
1948,255629.49047034,289324.9453602299
1949,173154.590990955,211618.0195908723
1950,183884.65246539,198992.86039638394
1951,200210.353608489,210681.04951325635
1952,186599.221265342,204471.22677195448
1953,192718.532696106,202382.64681856456
1954,178628.665952764,233589.17931028744
1955,180650.342418406,157222.55936627678
1956,206003.107947263,226957.73074904396
1957,166457.67844853,208172.31604982383
1958,202916.221653487,229678.02301829276
1959,192463.969983091,256890.25969466864
1960,171775.497189898,132639.91906838282
1961,175249.222149411,118684.83920892834
1962,147086.59893993,154858.90815720416
1963,149709.672100371,155176.27558861653
1964,171411.404533743,220410.87453925982
1965,178188.964799425,211538.2074028519
1966,156491.711373235,196277.0824657919
1967,180953.241201168,201832.54327078312
1968,203909.759061135,228744.05600585067
1969,175470.149087545,214244.61290418037
1970,205578.333622415,228328.45579804876
1971,199428.857699441,227000.04640656558
1972,187599.163869476,236235.41917887336
1973,192265.198109864,221499.01092875132
1974,196666.554897677,224030.39401263563
1975,155537.862252682,181365.1142922761
1976,169543.240620935,208844.83274972145
1977,202487.010170501,233590.71006556234
1978,208232.716273485,232912.14827173302
1979,173621.195202569,207734.0467397782
1980,172414.608571812,211049.7807612959
1981,164400.75641556,204895.8751388619
1982,160480.424024781,201885.4183608932
1983,156060.853810389,201885.4183608932
1984,157437.192820581,231393.27945781848
1985,158163.720929772,198409.4893501864
1986,154849.043268978,198409.4893501864
1987,152186.609341561,198061.8964491157
1988,180340.215399228,231509.666997795
1989,178344.62451356,229977.23568611816
1990,190170.382266827,220738.84036684455
1991,168092.975480832,203488.87952626712
1992,178757.912566805,230294.60311753053
1993,174518.256882082,229584.30458056
1994,198168.490116289,226880.65580141524
1995,176882.693978902,230551.51960962627
1996,183801.672896251,232470.83693292958
1997,196400.046680661,224674.19651635786
1998,172281.605004025,210099.18974054174
1999,196380.366297173,224659.0837815287
2000,198228.354306682,226078.16958198685
2001,195556.581268962,223178.03576827102
2002,186453.264469043,202662.23241290404
2003,181869.381196234,272819.02961561276
2004,175610.840124147,232120.22148489306
2005,183438.730800145,197801.97689184613
2006,179584.488673295,195690.72783621246
2007,182386.152242034,198690.60569980074
2008,160750.367237054,203789.6229493674
2009,182477.505046008,233150.91000024177
2010,187720.359207171,237176.94255873002
2011,187201.942081511,127014.97864676139
2012,176385.102235149,196627.7173956204
2013,175901.787841278,230646.72983904995
2014,182584.280198283,230687.5342230887
2015,195664.686104237,239883.63336663262
2016,181420.346494222,230642.19601860121
2017,176676.04995228,230392.83589392007
2018,181594.678867334,121012.200372619
2019,178521.747964951,119500.92688970298
2020,175895.883726231,120029.87260872358
2021,168468.005916477,116871.31102942914
2022,200973.129447888,212115.24804854367
2023,197030.641992202,189071.3694628323
2024,192867.417844592,221961.46061452362
2025,196449.247639381,224711.97835343075
2026,141684.196398607,207468.04312499298
2027,153353.334123901,232499.531647313
2028,151143.549016705,197260.92150317022
2029,163753.087114229,221317.63862900942
2030,158682.460013921,199656.2899735921
2031,144959.835250915,168999.8746550573
2032,160144.390548579,158946.90292849197
2033,156286.534303521,198664.8945687992
2034,165726.707619571,221136.2858110595
2035,182427.481047359,233960.9525870848
2036,173310.56154032,221869.25345027377
2037,173310.56154032,221869.25345027377
2038,151556.01403002,233664.72350264125
2039,158908.146068683,178862.44540456717
2040,209834.383092536,290245.55725431594
2041,192410.516550815,282610.5705114256
2042,174026.247294886,229206.486209831
2043,195499.830115336,189592.75881443833
2044,200918.018812493,149376.04692476883
2045,207243.616023976,196065.54314176762
2046,196149.783851876,187546.49451857005
2047,192097.914850217,145996.83941696864
2048,178570.948923671,119538.70872677589
2049,228617.968325428,169900.90429562668
2050,199929.884438451,152859.53230289023
2051,160206.365612859,128846.62262626362
2052,179854.431885567,122221.2191589518
2053,185987.340461822,124385.36278648753
2054,161122.505607926,124459.39570535845
2055,175949.342720138,197141.55037981184
2056,183683.590595324,121767.837114077
2057,176401.34762338,118721.10977251834
2058,205832.532527897,230220.5701986596
2059,177799.799849436,120643.44964278748
2060,167565.362080406,207326.00289939085
2061,186348.958436557,127208.42165257465
2062,179782.759465081,123014.63773748271
2063,169837.623333323,134545.63493033987
2064,178817.275675758,156663.38817759787
2065,174444.479149339,136386.3660325316
2066,192834.968917174,204168.97207537128
2067,196564.717984981,221406.82324629344
2068,206977.567039357,181784.02821000328
2069,157054.253944128,142200.21563951753
2070,175142.948078577,118603.23044085088
2071,159932.1643654,125242.23536950894
2072,182801.408333628,123635.7711389612
2073,181510.375176825,157882.98587831107
2074,181613.035129451,159658.73222073738
2075,186920.512597635,126798.8665387044
2076,157950.170625222,127962.52763875775
2077,176115.159022876,154588.4096855542
2078,182744.514344465,119349.79954141138
2079,180660.683691591,194820.23431005285
2080,160775.629777099,126738.39611759578
2081,186711.715848082,108319.03387139941
2082,223581.758190888,166033.5554528446
2083,172330.943236652,153379.39089922135
2084,163474.633393212,127962.52763875775
2085,175308.263299874,118730.17741341582
2086,187462.725306432,122124.49765604519
2087,180655.101535034,121139.14734518394
2088,152121.98603454,124335.47127975934
2089,159856.233909727,124335.47127975934
2090,186559.854936737,141744.11583604297
2091,183962.550959411,199901.13575961647
2092,162107.168699296,203983.06595518065
2093,162582.288981283,128125.74517491268
2094,154407.701597409,125242.23536950894
2095,181625.666399474,198955.07855931105
2096,164810.609473548,127291.52221234304
2097,176429.401241704,116197.28305604859
2098,179188.089925259,120861.0730243274
2099,145997.635377703,137952.0258790406
2100,218676.768270367,181434.9240354497
2101,188323.861214226,186627.64024095712
2102,168690.0722914,115344.92481168396
2103,165088.746797705,130898.93201606357
2104,191435.007885166,187319.80349613266
2105,168864.404664512,151565.86271972215
2106,176041.882371574,134219.19985803004
2107,215911.674390325,179311.5847919527
2108,167388.238629016,131816.27502019357
2109,163854.786753017,129951.36354227523
2110,163299.477980171,127828.02429877823
2111,178298.214633119,153719.42743287748
2112,176376.586164775,193227.35205905937
2113,170211.043976522,114815.97909266336
2114,170818.344786366,151369.39716694306
2115,174388.867432503,151565.86271972215
2116,161112.987374671,126148.99945925854
2117,172179.082325307,191700.9658413142
2118,157798.309713876,201522.71272499338
2119,169106.151422924,114815.97909266336
2120,170129.531364292,115601.84130377969
2121,157680.227412949,126058.32305028358
2122,162690.209131977,126511.70509515838
2123,146968.379365095,136152.09916088765
2124,181507.721372455,182241.92459353487
2125,191215.589752983,182060.57177558495
2126,189432.689844522,186630.66278792295
2127,207271.484957719,175222.07874718198
2128,170030.807488363,113829.1175083192
2129,148409.806476335,136410.52692646626
2130,193850.613979055,148191.2085141627
2131,193808.319298263,183203.09452866943
2132,166300.235380627,208051.41417119052
2133,163474.633393212,127962.52763875775
2134,177473.606564978,193221.3069651277
2135,157443.925537187,142499.44778913487
2136,180681.007992057,198229.66728751134
2137,183463.17030026,121598.57448399041
2138,182481.763081195,124238.76925864468
2139,193717.15117887,126927.32478475226
2140,182782.55099007,122772.83398021615
2141,175530.651633287,118900.95131698533
2142,177804.057884623,122343.63231106801
2143,159448.670848577,128264.78233534095
2144,181338.976717529,126755.03960769984
2145,178553.558537021,121222.26738674432
2146,162820.928264556,148325.4070657761
2147,188832.479997186,198550.05726588954
2148,164682.185899437,164976.88412532685
2149,181549.735943801,122674.6012038266
2150,199158.097008868,213266.83844252565
2151,152889.520990566,124924.86793809658
2152,181150.551679116,146626.7551527705
2153,181416.732376013,121724.01018307245
2154,164391.238182305,131211.76562702717
2155,185421.046498812,156643.74162231994
2156,193981.327550004,222816.8414058541
2157,178824.324789223,232890.97096118022
2158,209270.051606246,229466.4447306845
2159,177801.266806344,233802.2688713786
2160,179053.762236101,233915.61438259727
2161,178762.170601992,196756.17564166826
2162,184655.300458183,200433.1040256029
2163,191284.655779772,235671.71416974568
2164,179598.085818785,199943.4514171381
2165,167517.628078595,209834.71688103143
2166,182873.903794044,121994.5281365144
2167,177484.91371363,195775.35915125575
2168,188444.597319524,237733.09120044313
2169,179184.153848562,231470.3738872392
2170,184365.175780982,236297.3813916729
2171,184479.322005212,125772.71184380443
2172,182927.863869391,156426.11824078005
2173,178611.639373646,214111.62083768373
2174,181943.343613558,233589.17931028744
2175,175080.614768394,232561.51334190456
2176,190720.794649138,205090.84889995004
2177,198422.868144723,224530.62553548085
2178,184482.11308349,235538.72210324908
2179,139214.952187861,133592.0018808279
2180,169233.113601757,207758.22711550482
2181,180664.118686848,197368.24140224923
2182,178818.742632666,199344.98711790337
2183,180422.049969947,197182.35476385057
2184,178601.93645581,122107.8736477331
2185,183083.159775993,125549.04336833286
2186,173163.101499699,152321.49946118015
2187,185968.161159774,121825.26550642781
2188,171226.050683054,153379.39089922135
2189,281643.976116786,344642.58719777025
2190,160031.711281258,201540.84800678838
2191,162775.979779394,202799.7388180574
2192,160735.445970193,127555.99507185335
2193,166646.109048572,170727.2797278223
2194,188384.548444549,144842.22647602082
2195,165830.697255197,131468.68211912288
2196,182138.358533039,118884.32730867325
2197,171595.397975647,150269.19007138023
2198,160337.079183809,203472.25551795503
2199,191215.088671543,255082.7766091011
2200,166956.093232213,130635.97043003618
2201,186581.830878692,130781.0721661881
2202,176450.548582099,194132.60487532607
2203,193743.194909801,112021.65390454364
2204,198882.566078408,190493.47781025627
2205,176385.102235149,121254.00412988555
2206,162447.639333636,128870.80300199028
2207,193782.555676777,147290.48951834475
2208,183653.890897141,236599.6360882561
2209,210578.623546866,257275.36860803005
2210,158527.164107319,119921.04143616167
2211,163081.025723456,127660.27294217455
2212,174388.867432503,116327.25257557936
2213,191905.870131966,109762.3000475842
2214,174388.867432503,151565.86271972215
2215,161642.711648983,128252.69214747763
2216,186939.507215101,186413.03940638306
2217,172482.165792649,139121.77103660957
2218,159695.999763546,125060.88255155901
2219,157230.369671007,124864.41699877993
2220,179188.089925259,156099.6831684702
2221,157972.82120994,198262.89582234353
2222,156804.951429181,198214.53507089024
2223,211491.972463654,293869.5579591499
2224,186537.246201062,234571.50707418285
2225,200468.161070551,258794.46428314282
2226,182241.340444154,197730.94703814908
2227,157342.225898399,198627.11273172632
2228,182022.387105998,200108.18022677596
2229,181244.510876788,237294.8218903975
2230,178556.671573788,232685.43776750367
2231,189547.199876284,236034.41980564554
2232,187948.65165563,202113.6401386055
2233,194107.287565956,210236.73510927905
2234,183521.710369283,199562.61049944328
2235,183682.123638416,194595.05456109837
2236,178483.353073443,199935.89504972353
2237,184003.879764736,235171.4826469005
2238,171318.59033449,205965.85676476645
2239,162039.754313997,131102.95393625722
2240,154846.252190699,199255.80250061935
2241,194822.365690957,128624.48490606694
2242,169788.738771463,113643.23086992053
2243,178891.554489941,176839.12189211012
2244,152084.772428865,120064.61241703869
2245,139169.86642879,129315.09792417561
2246,192439.536044606,134430.79762743023
2247,161067.859766557,220104.0860222279
2248,158762.648504781,126889.52346588738
2249,175569.690441774,117234.01666532898
2250,183659.795012187,125991.84649882725
2251,280618.132617258,258349.65719318512
2252,180051.809151659,198754.07918608323
2253,176519.18031559,231279.95342839177
2254,179028.429210291,233206.8271191097
2255,177161.583857224,230924.80415990652
2256,180081.508849842,229773.2137659245
2257,205895.254584712,284936.70570820745
2258,183389.78131415,197075.05434656353
2259,178543.647859512,229440.73359968298
2260,194798.320499104,134704.33812783804
2261,162845.613675766,199618.5081365192
2262,148103.867006579,134637.80313100578
2263,201016.171121215,302054.88096740516
2264,277936.12694354,286597.11620535847
2265,249768.279823405,205367.1987115321
2266,161596.052159825,204598.15426272745
2267,158011.114889899,183423.4687760077
2268,194089.683858004,203594.6881518632
2269,181733.336941451,199196.8823165776
2270,182852.32772198,236143.23149641548
2271,189893.003058465,201220.47751020215
2272,194650.210979875,225186.51822706638
2273,187904.461286262,200541.91571637287
2274,171774.925622692,208172.31604982383
2275,177998.685921479,212103.13837888837
2276,175648.484325498,196221.18482871598
2277,196918.071362067,220140.37606760982
2278,184299.838071218,121551.72500602002
2279,182379.855682734,119228.89766277811
2280,184050.725802482,143073.75119443494
2281,158296.975970284,198670.93966273087
2282,175053.355553278,208992.93755104722
2283,162293.376090644,145830.5798520559
2284,186328.880047186,135786.67576638807
2285,151422.116936538,195937.0459321358
2286,181969.358707768,118065.21708093278
2287,189122.67702416,201477.39400229786
2288,185645.475220346,200504.13387929994
2289,182829.898109257,249354.76480227528
2290,195848.788183328,238487.2166684182
2291,198785.059550672,228361.70381467292
2292,181676.126555428,251014.14308651706
2293,194131.012663328,203626.42489500443
2294,201416.004864508,228685.11634001695
2295,185096.577205616,253640.73639982508
2296,195158.972598372,243048.24003985873
2297,184795.783735112,232544.88933359247
2298,189168.263864671,238447.9235578624
2299,216855.260149095,217979.2744688319
2300,184946.642483576,239448.3866035528
2301,189317.51282069,236865.62022124935
2302,180803.277842406,197634.22553524244
2303,175061.18585763,196618.6497547229
2304,179074.839090732,234090.92210661556
2305,145708.764336107,168037.1934464398
2306,142398.022752011,168040.21599340564
2307,161474.534863641,201959.4707615561
2308,157025.945155458,199391.81711408182
2309,163424.037827357,204304.96720704174
2310,164692.778645345,201885.4183608932
2311,152163.2443541,197354.62045911103
2312,192383.215486656,281900.2719744551
2313,182520.230322476,233342.84173257212
2314,187254.507549722,202588.18001224112
2315,176489.659740359,231257.28432614804
2316,181520.466841293,232575.1148032508
2317,186414.978214721,201095.0418111201
2318,185197.764639705,230308.2045788768
2319,178657.794083741,229528.3874616921
2320,179731.198023759,194265.59694182267
2321,161748.271317074,197927.3931091362
2322,158608.749069322,198061.8964491157
2323,178807.370559878,216966.41644691207
2324,184187.158803897,234622.89037260198
2325,181686.10402108,234399.22189713042
2326,190311.050228337,235931.65320880723
2327,192252.496354076,219951.46688224532
2328,193954.849525775,221258.71844496767
2329,181044.201560887,232209.3866203851
2330,180258.131219792,232454.21292461752
2331,199641.657313834,226474.12323451083
2332,197530.775205517,224004.70236342607
2333,191777.196949138,224677.2190633237
2334,195779.543033588,224356.8290849455
2335,202112.046522999,225825.78691033984
2336,192343.34807661,221718.14558377414
2337,185191.359443218,197610.0451595158
2338,186760.207965688,200511.69024671454
2339,177733.78193528,198670.95914452284
2340,164430.391189608,220851.88108969718
2341,185299.601552401,343544.09875509655
2342,186414.012339254,196003.5614471761
2343,176401.921054593,195102.84245135813
2344,182381.322639642,232387.7168913692
2345,176334.184710805,231137.89372099767
2346,184901.735847457,195690.72783621246
2347,180085.766885029,196234.78629006224
2348,184901.735847457,230929.33798035525
2349,183967.561548763,273740.90644019155
2350,193046.301574659,236335.1632287458
2351,168538.969495849,208232.76698914045
2352,170157.842016969,210324.36948949622
2353,196559.709259637,224107.46896026435
2354,177133.709361852,153832.77294409618
2355,181553.279576244,153832.77294409618
2356,185770.606634739,126074.96654038763
2357,177017.595099274,193878.71093019616
2358,184123.358536806,235422.35404506454
2359,165970.357492196,164428.29185102833
2360,158151.985049452,126579.7124018896
2361,177086.476441481,153796.5023805062
2362,196373.896176551,247375.01602144726
2363,172465.707083115,133329.0597765925
2364,168590.782409896,136292.6670765908
2365,158820.474171061,199072.93840918652
2366,151611.37057651,197779.28830781044
2367,152125.028585543,198173.7306868515
2368,158404.073081048,197904.72400689244
2369,160692.078640755,235748.76963558243
2370,170175.22684199,221317.63862900942
2371,169854.436591138,221071.3010512941
2372,183410.785819008,193697.35811224623
2373,180347.194026928,229977.23568611816
2374,178930.528374292,230586.27889973333
2375,153346.220086301,176447.4303788674
2376,182675.204270589,236007.21688295304
2377,180770.649792036,219322.49180677813
2378,188714.148087543,160180.1215723434
2379,191393.608594076,220140.37606760982
2380,174016.157494425,120442.45026955966
2381,183189.685319552,160180.1215723434
2382,183621.508757866,199798.3691627782
2383,168991.29635758,206883.19976889645
2384,185306.650665866,233785.6448630665
2385,189030.680303208,198861.37960337027
2386,179208.665698449,123581.36529357621
2387,174901.452792889,119425.36321555718
2388,168337.406544343,208926.4415177989
2389,158234.96461859,128340.34600948676
2390,179562.453368834,138778.71195598764
2391,174176.391640607,119717.03899775998
2392,173931.531845427,120377.46550979427
2393,184111.729429665,195932.531593479
2394,179374.482001188,196537.04098664544
2395,207348.811884535,211527.64797026347
2396,186983.419339031,124460.92646063333
2397,206779.094049527,175749.26099334416
2398,177472.074683935,135476.57939581614
2399,156727.948324862,124637.72597634254
2400,157090.568462479,122370.81575196852
2401,160387.032696693,124902.19883585283
2402,172410.28005086,131589.58399775618
2403,191603.365657467,185911.29661005494
2404,182152.207151253,197821.62344712403
2405,180161.697340702,121767.837114077
2406,169652.235284283,130320.11427210673
2407,182503.520140218,117626.94777088714
2408,179714.630677039,119727.61791214038
2409,180282.570719908,121012.200372619
2410,192600.338060371,112151.62342407441
2411,166115.491248565,131846.5004898519
2412,186379.553524443,125694.1256226928
2413,184361.992258449,122447.9101813892
2414,186220.965458121,159962.4981908035
2415,198176.47090687,185019.6452551345
2416,168437.776500131,133629.8031996928
2417,178003.582312015,119262.14567940225
2418,179180.469244588,120165.88722218604
2419,191930.561104806,108243.4701972536
2420,175590.266214964,119954.3089345778
2421,176713.19307219,121665.07051723872
2422,180159.090947005,140933.78794262587
2423,188090.100808026,204078.29566639633
2424,186184.717727913,125544.50954788411
2425,223055.588672278,315585.3124599522
2426,158270.753116401,217818.75520948472
2427,184733.12846644,158819.975437719
2428,199926.378957429,188060.3275027615
2429,175075.785166001,120407.6909794526
2430,180917.925148076,119803.1815862862
2431,182067.760625207,153379.39089922135
2432,178238.60191545,118594.16279995338
2433,173454.944606532,118314.57720561392
2434,176821.936262814,154441.81615771132
2435,183642.191304235,119349.79954141138
2436,177254.582741058,117838.52605849538
2437,168715.950111702,127055.76354900814
2438,180096.931198144,117475.82042259554
2439,160620.728178758,127627.0249255504
2440,175286.544392273,116327.25257557936
2441,153494.783276297,123851.86376522621
2442,156407.65915545,121846.40385339667
2443,162162.525245786,127962.52763875775
2444,166809.886827197,130682.81990800657
2445,172929.156408918,116213.90706436067
2446,193514.330894137,222617.35330610917
2447,181612.141603756,233493.96908086372
2448,191745.386377068,147582.16530054752
2449,171369.325038261,114167.6427684924
2450,184425.470567051,195324.99965334678
2451,170563.252355189,147938.80636072374
2452,184522.369240168,203035.5169631843
2453,164968.947931153,130117.60362539598
2454,157939.621592364,220109.84580958541
2455,151520.381580069,137261.373897348
2456,176129.508722531,120368.39786889678
2457,171112.978971478,191889.8750266787
2458,169762.081624282,151565.86271972215
2459,162246.828936295,126330.35227720847
2460,171339.303381589,151928.568355622
2461,189034.753653813,106868.21132780003
2462,175758.873595981,116689.95821147921
2463,163351.721489893,126330.35227720847
2464,189806.546645026,219770.11406429543
2465,175370.990918319,120634.38200188999
2466,196895.599900301,110359.25307333602
2467,176905.917994834,151112.48067484735
2468,176866.557227858,191217.35832678108
2469,163590.677170026,125665.39194472542
2470,212693.502958393,258312.35441668594
2471,192686.931747717,147456.72960146551
2472,181578.684951827,158094.56416591932
2473,166475.457581812,189177.13912484446
2474,185998.255166219,198229.66728751134
2475,185527.714877908,161975.51447004764
2476,159027.118197683,123857.90885915788
2477,181169.654933769,124238.76925864468
2478,176732.915304722,134060.51614232385
2479,191619.294648838,128869.31121029933
2480,189114.303789324,204016.33345359677
2481,180934.635330334,124906.75213809355
2482,164573.372223048,129813.83765532987
2483,173902.011270196,120354.79640755053
2484,165625.127741229,129773.03327129113
2485,179555.219570787,119605.2047600242
2486,196899.720661579,128681.91329841776
2487,207566.12470446,273542.9490957215
2488,163899.981149274,162838.43214700068
2489,189179.428177786,124450.34754625292
2490,193892.880023125,128069.84753783676
2491,178980.874331431,120861.0730243274
2492,179749.876244365,199370.67876711296
2493,197999.674975598,209142.57310764788
2494,203717.470295797,216927.14281814825
2495,185249.261156892,143994.1167455308
2496,201691.208274848,267334.63762790256
2497,181956.548314794,158384.7286746392
2498,171895.936275806,115420.48848582976
2499,187245.168439419,124661.92583386117
2500,157816.77461318,198302.18893289936
2501,191702.912573325,111462.48271586471
2502,198599.420028908,114213.00045477184
2503,187193.313676329,184221.69285615484
2504,220514.993999535,208961.23977148993
2505,181814.527595192,231952.4701282894
2506,183750.755371907,196503.79297002128
2507,183000.431679579,233711.59246240364
2508,185830.971906573,198101.2090414635
2509,185497.872344187,200390.78836808127
2510,179613.437681321,195872.0806541624
2511,164454.967963631,203399.71439077507
2512,185127.237217638,231950.9588548065
2513,178750.613844623,231296.57743670384
2514,160927.61044889,126911.94036875563
2515,192562.808057836,128745.38678470021
2516,180990.24148554,233016.40666026226
2517,180064.941503122,119996.62459209944
2518,196070.997393789,167526.42197279813
2519,180352.919019023,234223.91417311213
2520,183367.953769362,236539.1851489395
2521,176734.841494027,232294.01793542842
2522,180848.220765939,231210.43484817763
2523,187806.059368823,125092.63877649223
2524,180521.52640004,195720.9533058708
2525,181502.754496154,197322.90319776174
2526,174525.87942676,156072.4802457777
2527,188927.984063168,131893.36944961426
2528,184728.870431253,121881.18262529571
2529,179857.975518011,118140.78075507858
2530,180962.868071609,118140.78075507858
2531,179194.066390078,199792.32406884653
2532,179591.789259484,231094.06678999308
2533,180638.463702549,230200.90416158974
2534,185846.215131922,200658.28377455738
2535,195174.031139141,227285.67709483672
2536,192474.56829063,240986.86300916132
2537,164200.595496827,188176.42387977854
2538,178403.094096818,230181.25760631182
2539,170774.84018302,205707.4289991878
2540,179879.945898337,195228.27815044016
2541,177668.192752792,230465.37702110002
2542,180174.328610725,231541.40374093625
2543,170643.303572141,131929.62053141228
2544,165448.004289838,129637.0186578287
2545,195531.754886222,131873.72289433636
2546,165314.177682121,129534.2520609904
2547,172532.757660882,116757.96551821043
2548,203310.218069877,212668.65944986505
2549,175090.062515883,228485.60875848006
2550,230841.338626282,287071.61711541016
2551,155225.19006632,122635.28861147881
2552,168322.342441945,126753.50885242494
2553,165956.259265265,202855.6559369253
2554,193956.817564124,186021.6195743078
2555,171070.367893827,132257.56687720504
2556,166285.243628001,129431.48546415212
2557,182875.801346628,119609.73858047294
2558,218108.536769738,169625.85252173597
2559,174378.777632042,118175.54004518565
2560,164731.316372391,202763.4682544674
2561,156969.695083273,123126.45249342652
2562,173388.854342604,117415.36948327889
2563,177559.628685119,118072.77344834736
2564,194297.789279905,218976.6954857645
2565,174894.588364005,172129.74151996832
2566,196544.144075798,184614.623961713
2567,179036.158528149,192034.95728103863
2568,211423.986511149,181013.0265343406
2569,208156.398935188,215245.09543166272
2570,159233.941347257,119774.4479083188
2571,210820.115134931,199819.546473331
2572,140196.10979821,132807.65094319452
2573,198678.469082978,213906.10712579914
2574,186818.610760803,254963.1006973766
2575,175044.797633861,117838.52605849538
2576,180031.162892704,193647.48608731
2577,176889.171525162,196325.4626990372
2578,159638.856165666,122630.75479103008
2579,154287.264375509,143628.36908087315
2580,191885.618181273,185279.58429419604
2581,177503.378612934,117181.12209342691
2582,166548.31684976,126239.6758682335
2583,164475.14942856,200869.84258037366
2584,167484.744857879,210817.04464492685
2585,188683.160555403,197746.05977297825
2586,162243.399502668,181582.73767381598
2587,180807.213919103,197637.24808220827
2588,176279.079637039,120483.2546535984
2589,163438.959094218,129791.16855308613
2590,161495.5393685,198581.77452723883
2591,216032.303722443,238212.18437631946
2592,176632.181541401,195279.66144885932
2593,168743.001567144,204995.61918873436
2594,183810.11848086,198246.29129582344
2595,156794.36054728,202607.80708572708
2596,169136.43011395,209540.0185518628
2597,183203.318752456,194386.49882045595
2598,213252.926930889,291435.1816847463
2599,190550.327866959,201725.2428534961
2600,234707.209860273,182821.7550686089
2601,135751.318892816,106730.39427789522
2602,164228.45886894,144771.17714053177
2603,153219.437030419,119398.14081107272
2604,164210.746523801,144757.57567918554
2605,163883.229117973,145354.52870493734
2606,154892.776269956,140699.52107098192
2607,197092.08733832,206748.7159107089
2608,228148.376399122,193855.82859216086
2609,178680.587503997,155020.63390166816
2610,165643.341167808,127241.65018740682
2611,222406.642660249,149117.35333440802
2612,184021.843582599,159122.2301343022
2613,170871.094939159,134649.9128006611
2614,189562.873697309,123047.88575410686
2615,170591.884966356,209119.88452361216
2616,172934.351682851,132999.6021573168
2617,186425.069879189,160278.35434873294
2618,218648.131133006,221661.71044074857
2619,183035.606761141,200356.02907797418
2620,178378.906069427,230321.80604022302
2621,184516.716597846,237580.4525786686
2622,181419.5253183,232656.72357132824
2623,196858.923438425,227890.18648800312
2624,189228.701486278,238653.45675153896
2625,208973.380761028,227859.9610183448
2626,180269.86896412,194838.36959184782
2627,159488.713683953,198048.29498776948
2628,191490.299507521,317460.783370459
2629,228684.245137946,300898.77623476635
2630,201842.998700429,226626.76185628533
2631,209242.82289186,232309.15015204955
2632,202357.62258493,307486.3978650053
2633,168238.61218265,204767.41689281404
2634,202524.12465369,245469.3001594902
2635,170588.771929588,132895.3242869956
2636,198375.31512987,223963.89797938734
2637,170636.827889889,132083.7704266697
2638,181991.079479377,232247.16845745803
2639,183994.54251844,273920.7479846586
2640,182951.482193584,197746.05977297825
2641,174126.297156192,118140.78075507858
2642,170575.496742588,205713.47409311947
2643,175332.239869971,146669.3366350743
2644,167522.061539111,145762.57254532469
2645,168095.583738538,145354.52870493734
2646,154406.415627461,154858.90815720416
2647,170996.973346087,145037.16127352498
2648,159056.890245639,198565.15051892673
2649,181373.6165193,118615.32062871421
2650,152272.560975937,195900.77536854582
2651,168664.346821336,221165.00000723492
2652,211007.008292301,232815.4267688264
2653,182909.515032911,216881.7851318688
2654,203926.829353303,191291.43020923593
2655,179082.825442944,214791.69390499595
2656,206260.099795032,229170.23512803297
2657,181732.443415757,232897.0160551119
2658,189698.740693148,237317.49099264122
2659,203074.34678979,224178.4988139614
2660,201670.634365666,225645.94536587287
2661,173756.812589691,213247.17240545579
2662,181387.076390881,214864.2350321759
2663,184859.155270535,237843.414164696
2664,158313.615666777,201388.20938501385
2665,151951.955409666,213974.07546894642
2666,162537.52704471,202086.41773412103
2667,178998.337067854,233342.84173257212
2668,186732.584943041,233342.84173257212
2669,187323.318406165,200254.77375461883
2670,199437.232798284,225627.81008407788
2671,185546.680858653,231583.71939845788
2672,161595.015798593,197120.37306925905
2673,154672.422763036,196895.19332030456
2674,159355.710116165,197097.7039670153
2675,155919.014077746,197004.0050110745
2676,182424.87095604,231731.82419978364
2677,178100.589622319,230956.54090304775
2678,202577.900044456,301716.35570723197
2679,177862.778940605,232470.83693292958
2680,182056.024744887,232297.04048239422
2681,191403.199177104,222003.77627204527
2682,196264.754980043,223191.63722961725
2683,209375.003419718,309481.2788624544
2684,196691.81930173,223519.58357541
2685,192458.431539585,236891.3118704589
2686,182242.80926507,236682.7561298165
2687,183259.503900506,250692.24183465593
2688,188108.243748841,199160.6117529876
2689,171418.640195797,205512.47471989164
2690,194698.882220432,313137.02993583627
2691,174841.84007522,230151.0321366535
2692,172965.476488899,154184.8996656156
2693,189386.323677132,199293.60381948424
2694,185682.618340257,162253.58879090418
2695,176412.012719061,229659.8682547058
2696,174976.489722867,229405.97430957592
2697,180718.581707643,230421.55009009546
2698,186131.188248242,232032.56762288394
2699,165220.786354033,203298.4590674197
2700,164115.893800435,203298.4590674197
2701,182125.729127024,231502.11063038043
2702,182285.140233276,121012.200372619
2703,196325.442210366,186302.7164421302
2704,164865.215329881,131045.5255439064
2705,182694.492209823,121326.54525706553
2706,185425.485520958,120029.87260872358
2707,171414.7041191,130135.73890719097
2708,183433.472466085,162223.36332124585
2709,176844.981155794,119380.02501106971
2710,180568.187753206,120542.19431943212
2711,185948.625475832,204289.87395400455
2712,189388.291715481,234533.72523710993
2713,142754.489165865,167624.61578560373
2714,156106.800760811,231538.36171217845
2715,155895.397617561,232224.4798734223
2716,159851.977738548,234414.3151501676
2717,185157.832305524,230436.66282492463
2718,180716.291710805,193484.26855115508
2719,176901.093954071,212267.8671885262
2720,181017.222455218,197957.63806058647
2721,183269.159407668,121767.837114077
2722,193550.830097069,145733.87783094123
2723,170625.842699726,131226.87836185633
2724,182012.405942725,119954.3089345778
2725,179162.507290733,122008.12959786065
2726,183269.159407668,121767.837114077
2727,180589.836175042,195932.531593479
2728,181465.935198741,158167.1052930993
2729,196053.029878304,146806.8820038116
2730,183421.020319014,123581.36529357621
2731,167926.839083612,130002.74684069437
2732,168027.530997889,131776.98190963775
2733,182164.26685407,121767.837114077
2734,172469.071592608,133490.7660392645
2735,181059.374300472,121767.837114077
2736,182997.570115536,156797.89151757737
2737,166140.504179894,132024.830760836
2738,198515.546934075,186287.60370730102
2739,193789.648503294,126452.78491111664
2740,173550.025727531,131775.47063615485
2741,176487.943174734,155192.9190787206
2742,188813.302559147,157021.55999304896
2743,178531.911979192,122372.3465072434
2744,182145.731469001,122602.06007664664
2745,179196.465024103,119488.83670183967
2746,169618.349900686,136392.41112646327
2747,170010.168655046,167689.6200271611
2748,181739.671652174,118896.41749653658
2749,172846.934955574,133780.93054798438
2750,195560.8830172,163051.54118988384
2751,180358.114292956,140397.2858561907
2752,211817.702818093,174686.8357348542
2753,176170.128686742,137181.29588454543
2754,234492.248263699,231681.99113843136
2755,182450.956536015,153832.77294409618
2756,174902.068073146,132813.71551891815
2757,173684.174293738,133575.39735430782
2758,147196.673677562,137494.11001371706
2759,175231.189709791,193514.4940208134
2760,193417.64740633,149025.4314767323
2761,183313.601249761,122650.42082809994
2762,180882.250849082,156870.43264475735
2763,186735.697979808,198955.07855931105
2764,172922.865411247,210061.40790346882
2765,202551.677190573,285625.561109843
2766,190485.634074173,160851.12699875812
2767,173439.49362151,205367.3924655317
2768,196613.598849219,185675.53794672003
2769,178152.259700828,117838.52605849538
2770,174519.904825949,118443.03545166178
2771,172627.796932837,117838.52605849538
2772,173732.689486435,117838.52605849538
2773,209219.844787023,177884.94262408
2774,181059.374300472,121767.837114077
2775,188515.443002459,105780.0944201005
2776,182164.26685407,121767.837114077
2777,188137.901597981,107187.09003269531
2778,158893.54306269,123066.00155410988
2779,189579.65066771,184516.39118532347
2780,165229.803505847,128780.12659301532
2781,162186.071220207,125594.36209102836
2782,166374.879866351,127962.52763875775
2783,161665.184974757,128588.19486068498
2784,175079.328798445,116327.25257557936
2785,203840.874021305,131922.36895236382
2786,152129.078861057,138736.37681667402
2787,181012.141380101,156970.1766946298
2788,161305.53503837,125766.6472680808
2789,203326.392972343,172510.85411883064
2790,168385.571141831,201486.4421614034
2791,183564.365159986,121994.5281365144
2792,163784.619440861,124276.5316139256
2793,171989.192193993,134819.17543074768
2794,180839.95616829,116508.60539352929
2795,170895.923185907,116508.60539352929
2796,174071.054808518,134720.94265435816
2797,259423.859147546,213043.20893063804
2798,188000.824679588,198229.66728751134
2799,179171.703565498,118621.36572264587
2800,171022.241447762,130682.81990800657
2801,174126.297156192,118140.78075507858
2802,187625.573271948,125961.62102916893
2803,199567.946369234,189641.11956589165
2804,205328.078219268,139555.52600799844
2805,166231.535025379,129549.36479581957
2806,154743.91606057,124970.20614258405
2807,159714.537012622,200767.07598353538
2808,185563.069082422,124377.80641907295
2809,171500.796725006,132747.21948566983
2810,180983.443844799,120861.0730243274
2811,183141.236914997,156908.21448183025
2812,178498.634450214,118104.5101914886
2813,224323.710512388,167770.0086847151
2814,218200.642127877,165613.42142459395
2815,182283.177756557,143572.47144379723
2816,190054.639237419,147843.33030651786
2817,160192.453934518,146625.2243974956
2818,171289.393581756,133433.33764691371
2819,151131.098733642,230262.84689259733
2820,181721.458225594,156666.4107245637
2821,172725.053851858,117064.75403524238
2822,222438.699143414,202961.48404431337
2823,235419.373448928,303525.36954807444
2824,185150.926027596,200283.48795079422
2825,184772.239624699,125467.4346002554
2826,180658.216435809,123156.69744487682
2827,209673.316647174,137249.60797964275
2828,205939.810625621,226378.91300508712
2829,165633.573325837,206160.8110440626
2830,186030.317211014,234500.4772204858
2831,160312.319589212,203771.4876675724
2832,190702.440251029,202849.6303247856
2833,175122.810326699,245292.46168019704
2834,183783.13937519,234471.76302431038
2835,178290.666302221,196712.34871066367
2836,181605.343963015,231950.9588548065
2837,187992.451444752,200768.60673881025
2838,188885.11781517,162167.44620237796
2839,189959.344795118,236669.15466847026
2840,179258.619211334,195758.73514294368
2841,181518.750275669,231884.46282155818
2842,193008.659237315,238162.29286959127
2843,186313.89385619,155102.2426697456
2844,181499.39185067,198327.90006390092
2845,174126.297156192,118140.78075507858
2846,183918.612062767,232878.8807733169
2847,184114.270899227,232180.6724242097
2848,158540.947801398,178898.71596815716
2849,197034.759055859,221237.56061620684
2850,185170.284452595,233840.05070845148
2851,221134.533635148,240592.4401119122
2852,184306.637575967,234873.76177076605
2853,199792.302740996,225052.01488708687
2854,143237.803559736,133605.60334217414
2855,177294.838897736,195947.64432830818
2856,182368.620883855,230840.1728448632
2857,176487.943174734,230566.6323444554
2858,183849.408762071,195890.21593595739
2859,184964.141507413,195897.77230337195
2860,196395.969632434,184659.96216620048
2861,188374.936650438,141462.7336616465
2862,176261.296806135,228695.6757726054
2863,163628.142248426,129247.11009923636
2864,180618.032628904,234586.619809012
2865,161647.329794081,122635.28861147881
2866,167129.598867773,186444.75666773232
2867,174750.988352687,117772.03002524708
2868,177560.202116333,194454.50612718717
2869,192577.796112839,145835.1331542966
2870,199202.898960871,206831.8359522693
2871,182818.156667308,119724.59536517455
2872,148217.262540651,139126.28537526634
2873,188997.797082492,124469.99410153083
2874,185807.928877601,199091.0931727735
2875,177030.477842021,116977.10017323325
2876,175942.474593632,117838.52605849538
2877,172912.518576433,114663.34047088884
2878,198359.248864591,146880.9344044745
2879,184379.133036383,197993.90862417646
2880,194255.566948886,106794.15892713715
2881,209449.651603064,175413.7582801368
2882,169979.323958443,171059.75989406378
2883,188206.281858748,185158.68241556277
2884,186412.438609167,161117.11113175133
2885,196761.386409959,163973.4180144626
2886,208353.269558209,196387.4443936287
2887,166548.067241044,128095.51970525437
2888,175942.474593632,117838.52605849538
2889,166790.457916434,129978.5664649677
2890,160515.850579067,127705.61114666204
2891,192167.621096362,186503.715815358
2892,178751.551083369,135769.76645150187
2893,198678.894117024,186413.03940638306
2894,164553.120272354,129957.40863620689
2895,156887.932862327,201141.87180729854
2896,164185.777305524,198261.38454886063
2897,212992.120630876,218269.15367097766
2898,197468.550532521,185483.6062143897
2899,180106.84373966,196410.09401408047
2900,183972.071056674,199378.23513452752
2901,245283.198337927,192799.1826028204
2902,170351.963410756,204693.36449215116
2903,195596.307707478,203213.84723416835
2904,189369.756330412,200129.3380555368
2905,223667.404551664,189725.5181633514
2906,169335.310624364,203064.2116775677
2907,167411.02835165,146525.76565419725
2908,187709.555003968,122632.28554630496
2909,196526.002998991,190699.01100393286
2910,137402.569855589,129124.67746532819
2911,165086.775061735,144740.95167087344
2912,188506.431412274,127486.49597343119
2913,172917.456816012,144815.00407153633
2914,166274.325225982,144804.42515715593
2915,167081.220948984,145424.0472851515
2916,164788.778231138,145360.573798869
2917,219222.423400059,127663.33445272433
2918,184924.279658997,123038.81811320936
2919,187741.866657478,232420.96490799336
